2397768.25, 16893148.0, 8519154.0, 458933056.0, 0.0
2397768.25, 16893148.0, 8519153.0, 458932992.0, 2.9675448209864896e-10
2397765.25, 16892960.0, 8518463.0, 458828864.0, 0.00013468654651660472
2395937.5, 16747480.0, 8141311.0, 408892000.0, 29.544885635375977
2384702.75, 14863086.0, 6091915.0, 256504496.0, 477.3680419921875
2369217.75, 12729225.0, 4570542.0, 168054512.0, 980.3250732421875
2344261.5, 11136414.0, 3798985.75, 114047000.0, 1300.42724609375
2317023.5, 10494457.0, 3596308.75, 97498264.0, 1734.582763671875
2307243.0, 10412083.0, 3467813.75, 74839712.0, 1617.6939697265625
2288918.25, 10244422.0, 3358666.0, 62667108.0, 1610.3521728515625
2257306.0, 9960349.0, 3206972.25, 49278764.0, 1704.554443359375
2193036.5, 9450562.0, 3056742.75, 34801820.0, 1893.483154296875
2137118.5, 9057930.0, 2799805.75, 28856168.0, 1902.884033203125
2107276.0, 8854609.0, 2724867.5, 23514738.0, 2047.76953125
2091269.75, 8749064.0, 2677660.25, 21567508.0, 2053.34326171875
2060426.75, 8538170.0, 2539863.75, 19292870.0, 2060.03564453125
2032995.125, 8356532.0, 2421574.75, 17191672.0, 2102.750732421875
1968632.375, 7984737.5, 2235602.25, 14295688.0, 2193.70263671875
1919561.5, 7698553.0, 2062718.0, 12862761.0, 2236.865478515625
1866291.75, 7479996.5, 1982612.375, 12420264.0, 2274.626708984375
1883903.625, 7503683.0, 1955881.875, 11014004.0, 2267.8310546875
1870324.25, 7421245.5, 1918139.25, 10321484.0, 2286.092529296875
1800699.0, 7060225.5, 1787424.125, 8959752.0, 2356.806640625
1756156.875, 6853841.0, 1732966.125, 8367330.0, 2401.25927734375
1745242.375, 6774205.0, 1675671.75, 7687588.5, 2409.318115234375
1707302.75, 6567398.0, 1573564.625, 7384557.0, 2408.856689453125
1675494.75, 6419657.0, 1520692.125, 6977796.0, 2444.28125
1621890.375, 6154993.0, 1427728.25, 6600555.5, 2449.75244140625
1592290.5, 6054485.5, 1417476.375, 6166563.0, 2505.640869140625
1583283.875, 5967474.0, 1371294.625, 5920007.0, 2502.422607421875
1501367.875, 5660225.5, 1314075.875, 6530101.5, 2545.39990234375
1534468.0, 5741171.0, 1308491.75, 5435203.0, 2532.393310546875
1519856.625, 5661876.0, 1283586.5, 5223669.0, 2533.170166015625
1429827.5, 5286566.5, 1204987.875, 5091015.0, 2571.09521484375
1431178.5, 5261043.0, 1182253.875, 4539317.5, 2586.399658203125
1403687.875, 5126577.0, 1142962.625, 4355161.5, 2594.779296875
1316499.25, 4788749.5, 1076849.25, 4474853.5, 2645.765869140625
1327039.0, 4773497.5, 1043369.75, 3941276.0, 2637.4365234375
1292141.375, 4641326.0, 1022075.3125, 3793489.0, 2665.72021484375
1204393.875, 4340096.5, 984744.625, 4043125.25, 2706.60546875
1217288.625, 4359334.5, 973346.5625, 3543436.0, 2716.21240234375
1203711.0, 4290322.5, 954761.0, 3432406.75, 2712.93994140625
1134212.75, 4049849.75, 923529.3125, 3486868.25, 2740.97412109375
1137590.5, 4013179.25, 898755.875, 3198824.25, 2734.7119140625
1102071.5, 3865798.75, 871108.875, 3079933.0, 2755.5712890625
1036990.0, 3621612.75, 839732.1875, 3155254.5, 2775.4873046875
1028535.375, 3549493.0, 811444.75, 2885405.25, 2787.55517578125
1009552.0, 3459206.75, 793061.1875, 2826943.75, 2783.267578125
985551.5, 3356515.25, 773194.6875, 2759213.0, 2787.844970703125
965465.6875, 3267236.75, 750028.0625, 2620835.25, 2799.96337890625
899289.8125, 3067535.75, 737900.25, 2758476.75, 2850.787841796875
891572.9375, 2999759.75, 700679.4375, 2485819.25, 2865.262451171875
875225.4375, 2920002.0, 683510.0625, 2482264.25, 2848.37939453125
868609.125, 2904060.25, 682841.1875, 2381992.75, 2864.615966796875
848478.25, 2842524.0, 678548.5625, 2302177.75, 2885.083740234375
821411.75, 2746196.5, 669492.3125, 2199255.0, 2895.85205078125
797618.6875, 2639114.25, 647509.75, 2106274.0, 2904.46728515625
742705.4375, 2473425.75, 642489.1875, 2254101.75, 2926.888671875
751181.625, 2455423.0, 614774.1875, 2030050.0, 2927.80908203125
731737.1875, 2387351.75, 606622.3125, 1946464.75, 2937.290771484375
713527.25, 2318471.75, 598723.5, 1958564.25, 2937.977783203125
702043.375, 2265770.25, 588341.6875, 1905784.625, 2940.292236328125
663273.6875, 2129021.5, 577867.25, 1897109.875, 2967.616943359375
669172.6875, 2094834.0, 547413.625, 1823259.5, 2942.126220703125
648870.4375, 2032624.0, 546035.125, 1776079.5, 2954.47900390625
621936.5, 1961010.25, 543734.25, 1793967.875, 2995.27294921875
615235.625, 1923990.0, 535371.5, 1741313.75, 2982.1123046875
623490.0, 1928950.0, 520700.9375, 1663596.75, 2970.291259765625
605304.75, 1866041.125, 513449.15625, 1643561.0, 2980.619140625
568308.875, 1754868.25, 506093.25, 1669321.5, 3014.61181640625
562176.5, 1728828.625, 495513.5, 1590520.5, 3032.86865234375
555873.4375, 1697910.125, 486578.53125, 1533773.625, 3028.204345703125
534619.125, 1625593.125, 478712.78125, 1563803.5, 3031.57080078125
536868.5625, 1620130.125, 470752.5625, 1502942.625, 3027.771240234375
522785.53125, 1571815.75, 466242.96875, 1473959.75, 3035.754150390625
484574.6875, 1458055.375, 468228.15625, 1556602.75, 3050.3046875
492752.75, 1463367.0, 454912.65625, 1420165.125, 3053.845947265625
488440.625, 1442141.625, 450186.21875, 1396458.25, 3049.095458984375
471120.59375, 1380396.25, 445658.65625, 1433535.5, 3049.0302734375
473809.9375, 1383756.375, 440226.0625, 1378204.875, 3051.169677734375
465515.0625, 1351157.75, 431859.65625, 1337972.625, 3060.77001953125
442276.71875, 1277832.5, 424619.5625, 1330965.625, 3076.5400390625
433290.4375, 1244653.625, 414399.09375, 1289361.875, 3087.15673828125
420845.03125, 1206612.25, 406472.46875, 1261319.875, 3095.73828125
412557.1875, 1174970.5, 393214.5, 1218961.25, 3105.121337890625
378038.5, 1090708.125, 394880.875, 1557099.375, 3123.62548828125
401039.90625, 1134479.625, 385490.4375, 1185597.375, 3113.065185546875
396376.8125, 1118690.625, 382958.46875, 1176164.25, 3114.3359375
371599.21875, 1042472.1875, 377010.40625, 1222983.125, 3121.846435546875
376805.5625, 1049254.875, 372583.6875, 1147198.875, 3118.036865234375
370400.375, 1023040.9375, 367349.84375, 1119712.625, 3120.822021484375
354329.09375, 967645.0625, 360819.3125, 1120514.625, 3122.72802734375
340033.75, 929113.3125, 358343.75, 1122116.0, 3143.632080078125
336464.84375, 908701.4375, 347552.5625, 1075147.375, 3144.643798828125
322978.5, 869052.25, 340679.6875, 1073240.5, 3153.659423828125
319930.90625, 854214.625, 328311.1875, 1065980.625, 3165.912841796875
310191.96875, 829572.0, 327385.59375, 1063172.625, 3168.490478515625
311782.3125, 831370.625, 326882.75, 1032633.5625, 3164.392333984375
304750.5, 810664.6875, 325223.875, 995499.25, 3164.58837890625
294896.25, 779792.5, 318052.90625, 970910.25, 3168.75146484375
278670.65625, 736753.1875, 310346.6875, 990359.875, 3182.395263671875
279451.1875, 732677.0, 302212.875, 940915.9375, 3186.1328125
271369.0625, 713027.8125, 298917.34375, 932599.75, 3190.831787109375
266422.4375, 700462.25, 296467.84375, 922388.3125, 3196.484130859375
256782.140625, 670764.6875, 289559.03125, 899950.3125, 3202.0849609375
249169.0, 648510.1875, 285683.71875, 895069.0, 3216.170166015625
246172.046875, 637174.1875, 282681.875, 880436.625, 3212.02490234375
246329.734375, 630561.875, 277580.625, 868019.75, 3205.410400390625
235768.03125, 606788.375, 276321.5625, 889290.3125, 3211.444580078125
236386.65625, 606518.6875, 273629.1875, 852122.0625, 3214.46240234375
232322.53125, 594820.4375, 269802.78125, 843189.3125, 3218.670166015625
226725.078125, 579638.9375, 265522.90625, 835029.75, 3221.72412109375
211134.515625, 546216.5625, 259819.765625, 847786.625, 3233.291748046875
213230.296875, 543401.1875, 253916.1875, 803959.625, 3232.223388671875
208090.375, 532596.6875, 252998.296875, 796847.6875, 3235.986083984375
198914.5625, 515027.09375, 251487.234375, 793847.75, 3244.9365234375
198261.390625, 509586.84375, 248111.328125, 770831.0625, 3243.8095703125
190092.765625, 490189.34375, 242833.171875, 760756.625, 3250.93115234375
186722.46875, 478092.6875, 238406.734375, 745293.3125, 3250.55126953125
184491.40625, 469636.625, 234079.15625, 737026.625, 3255.598876953125
173778.03125, 447880.875, 231868.5625, 780555.6875, 3261.949462890625
179943.6875, 457064.78125, 229939.484375, 727536.875, 3257.69873046875
177647.75, 452563.59375, 228899.171875, 721391.875, 3261.740478515625
166806.21875, 429863.21875, 223884.671875, 723338.9375, 3271.87890625
167013.5, 427948.59375, 221312.109375, 698327.8125, 3272.836669921875
163722.515625, 418932.125, 217534.421875, 688445.1875, 3274.261474609375
159429.328125, 408717.28125, 213641.265625, 678266.3125, 3278.840576171875
152039.875, 393349.3125, 208671.859375, 666303.6875, 3287.805908203125
145532.609375, 372874.84375, 200432.640625, 712931.5, 3290.56982421875
143855.15625, 372420.21875, 201095.703125, 654013.6875, 3293.456298828125
145179.265625, 374194.9375, 200622.796875, 643412.875, 3293.108642578125
139840.421875, 366186.71875, 200239.953125, 645644.1875, 3297.4287109375
139998.90625, 364372.875, 198621.609375, 632603.5, 3295.89599609375
136984.765625, 356394.0625, 195275.359375, 623141.375, 3297.87548828125
132838.28125, 346222.75, 191194.0625, 615402.5, 3300.282470703125
126422.2890625, 333423.4375, 186370.46875, 615683.9375, 3313.622802734375
126797.3046875, 331663.15625, 184454.828125, 603172.5, 3309.71044921875
124802.0390625, 328103.34375, 183304.71875, 599756.6875, 3311.345703125
122240.140625, 322802.84375, 180172.578125, 592439.0625, 3316.79833984375
117445.7734375, 313978.5, 178274.15625, 598302.375, 3321.430419921875
119238.421875, 315694.15625, 177603.84375, 574376.5625, 3321.654052734375
117846.6640625, 313033.15625, 176494.046875, 569437.4375, 3324.63232421875
113744.703125, 304406.5, 173241.15625, 565612.125, 3329.43212890625
110325.9296875, 296580.46875, 169840.0625, 556982.6875, 3332.927490234375
106574.421875, 286111.6875, 165371.6875, 557955.1875, 3333.191162109375
105517.7734375, 283579.03125, 164016.9375, 542576.1875, 3336.349853515625
103669.6953125, 279779.40625, 162831.921875, 540010.625, 3338.91796875
103039.0625, 275995.75, 160279.71875, 535463.25, 3340.6162109375
99362.015625, 269960.9375, 159191.4375, 533709.0625, 3344.527587890625
99583.28125, 270004.8125, 158572.421875, 522247.8125, 3344.220458984375
98528.625, 267076.0, 157128.4375, 517333.375, 3344.43896484375
94997.3671875, 259782.21875, 154178.421875, 511793.25, 3350.01416015625
90851.1953125, 249874.265625, 150041.140625, 516845.9375, 3354.14794921875
91900.0078125, 251100.796875, 149254.84375, 499775.21875, 3357.420654296875
89864.4296875, 248696.625, 149016.515625, 497670.3125, 3361.561767578125
89188.6328125, 246770.875, 148129.75, 493800.71875, 3360.609375
87479.75, 242380.6875, 146073.40625, 489943.125, 3360.583740234375
86221.46875, 239111.484375, 144580.8125, 485333.5, 3362.132080078125
82503.7421875, 230352.796875, 141427.6875, 478976.90625, 3367.43017578125
80630.0, 223350.59375, 137807.625, 476537.46875, 3372.537353515625
78485.71875, 219788.40625, 137373.125, 472263.09375, 3376.208740234375
79604.5078125, 221062.375, 137119.734375, 463726.625, 3374.12646484375
78839.9765625, 219553.59375, 136548.25, 459036.34375, 3375.70654296875
76865.0703125, 215315.984375, 134965.59375, 456267.8125, 3379.201904296875
75975.3125, 212838.71875, 133691.59375, 451916.09375, 3380.852783203125
73228.7890625, 205852.296875, 130919.359375, 447556.75, 3382.713623046875
72718.65625, 203398.859375, 129038.6328125, 441968.21875, 3385.4287109375
71335.6015625, 200633.78125, 128467.2578125, 441417.25, 3387.041015625
70309.7265625, 198205.390625, 127827.7265625, 438284.09375, 3387.40673828125
69159.0390625, 195786.859375, 126983.609375, 432770.03125, 3389.919677734375
66900.2109375, 190519.015625, 125131.8203125, 426439.59375, 3394.59814453125
64100.41796875, 184118.46875, 122155.765625, 423066.9375, 3400.727783203125
63122.23828125, 181305.90625, 121180.984375, 416529.96875, 3402.654296875
63266.87109375, 180305.75, 120257.6015625, 411952.5, 3402.81201171875
60051.53515625, 174539.234375, 119151.09375, 421689.5625, 3409.733154296875
61373.15234375, 175933.6875, 118634.390625, 405207.25, 3406.4306640625
60795.08203125, 174135.625, 117808.9296875, 401816.40625, 3407.353759765625
57860.8671875, 167495.453125, 115653.71875, 399113.3125, 3414.89892578125
57079.84765625, 163948.46875, 114064.1484375, 397154.25, 3414.6611328125
56792.5625, 163135.375, 113358.125, 390417.71875, 3417.603271484375
54997.73828125, 159141.59375, 112343.5390625, 391108.78125, 3422.43603515625
54996.58984375, 158358.578125, 111672.90625, 385451.875, 3420.99853515625
53743.30859375, 155499.078125, 110572.9296875, 381948.84375, 3422.859130859375
52654.3671875, 152726.0625, 109411.0703125, 378177.625, 3423.933837890625
50739.08984375, 148729.953125, 107883.6640625, 375536.53125, 3428.849365234375
49587.796875, 144970.453125, 106522.140625, 371528.40625, 3430.847900390625
48744.7578125, 142485.203125, 105518.984375, 367129.875, 3433.22021484375
46710.3515625, 137677.0, 104539.171875, 369769.84375, 3438.55419921875
47242.80078125, 136381.4375, 103114.5390625, 371298.15625, 3440.094970703125
46813.55859375, 136213.75, 103224.75, 360443.375, 3438.91015625
46232.2578125, 135253.171875, 103075.578125, 358506.84375, 3439.337646484375
45709.84765625, 133991.875, 102603.3046875, 356625.25, 3440.1328125
44355.3515625, 130447.8125, 101165.1171875, 352613.0625, 3443.265625
42604.4765625, 126140.734375, 99541.2578125, 353161.4375, 3446.572265625
42216.69140625, 124496.484375, 98716.078125, 344677.59375, 3448.449951171875
41333.22265625, 122022.71875, 97988.234375, 343068.875, 3450.640625
41245.75390625, 120883.2421875, 96940.5390625, 342607.1875, 3451.46337890625
39872.109375, 118240.96875, 96539.4140625, 340148.4375, 3454.743896484375
39196.40234375, 116791.0, 96228.8125, 337567.1875, 3455.213623046875
38649.94140625, 115580.2578125, 95745.21875, 333544.90625, 3455.921142578125
37726.37109375, 113201.046875, 94973.96875, 330447.8125, 3457.451416015625
36542.16796875, 109386.7265625, 93277.40625, 329412.46875, 3459.998779296875
35970.59765625, 108209.375, 92739.671875, 324657.78125, 3461.550048828125
35189.1015625, 106766.234375, 92453.265625, 323911.4375, 3463.711669921875
34859.01171875, 105139.03125, 91589.1875, 320383.6875, 3463.668701171875
33490.7265625, 102739.1484375, 90797.0390625, 318383.1875, 3469.3359375
33101.9296875, 101197.96875, 90142.8203125, 314407.65625, 3469.458984375
32361.076171875, 98799.265625, 89353.8828125, 310859.59375, 3471.1875
31576.5859375, 96151.2734375, 88569.1640625, 310561.84375, 3469.7822265625
31958.056640625, 96391.84375, 88020.0078125, 308201.0625, 3470.146484375
30950.07421875, 94715.9296875, 87877.765625, 306319.75, 3474.337158203125
30636.07421875, 94008.8359375, 87654.25, 304107.4375, 3474.5859375
30230.59375, 92880.90625, 87095.25, 301603.8125, 3475.06689453125
29638.841796875, 91391.28125, 86434.0859375, 299395.625, 3476.852294921875
28137.30859375, 88267.046875, 85083.78125, 297527.0625, 3482.385009765625
27386.46875, 86117.203125, 84355.4609375, 294038.28125, 3483.813720703125
27629.24609375, 86271.2578125, 83869.2109375, 291239.34375, 3483.81103515625
26500.498046875, 84573.0859375, 83703.2890625, 289553.5625, 3487.2080078125
26380.900390625, 84119.7421875, 83513.015625, 287375.0625, 3487.694091796875
26018.060546875, 83042.8515625, 83041.3984375, 285048.71875, 3488.53076171875
25304.2109375, 81110.96875, 82328.171875, 282494.21875, 3489.776611328125
24298.103515625, 78189.7890625, 80957.3984375, 281703.53125, 3492.194580078125
24124.294921875, 77275.5703125, 80470.4140625, 277148.9375, 3492.4990234375
23334.703125, 75701.90625, 80169.234375, 277258.15625, 3495.055908203125
23385.357421875, 75183.3671875, 79545.2265625, 274463.125, 3495.284912109375
23114.615234375, 74563.7265625, 79271.515625, 272879.8125, 3495.91650390625
22140.01171875, 72576.2109375, 78551.53125, 271248.90625, 3498.77685546875
22061.3203125, 72305.609375, 78156.6171875, 268479.8125, 3498.94580078125
21332.708984375, 70598.65625, 77544.7578125, 266361.09375, 3500.19970703125
20588.087890625, 69202.421875, 76876.09375, 264263.84375, 3503.6875
20197.775390625, 67965.828125, 76409.421875, 262369.125, 3502.881103515625
19804.568359375, 67060.3515625, 76001.1953125, 260745.671875, 3504.27490234375
19147.591796875, 65780.703125, 75386.5, 258502.875, 3506.4462890625
18964.294921875, 65017.01171875, 74682.34375, 256560.265625, 3508.003173828125
17696.66015625, 63359.57421875, 74497.921875, 260971.59375, 3513.11865234375
18355.52734375, 64187.39453125, 74353.203125, 253294.609375, 3510.3896484375
18251.67578125, 63799.85546875, 74149.609375, 251890.890625, 3510.23583984375
17607.42578125, 62251.953125, 73442.3359375, 250055.71875, 3511.440673828125
17135.66015625, 61116.18359375, 72841.0625, 248821.34375, 3514.1376953125
16929.81640625, 60455.42578125, 72405.8046875, 246632.390625, 3514.6767578125
16398.1171875, 59232.140625, 71775.8984375, 245164.375, 3516.682861328125
16389.783203125, 58811.578125, 71289.875, 243764.609375, 3516.78662109375
15803.4150390625, 57619.56640625, 70845.4765625, 243100.890625, 3518.1533203125
15470.78515625, 57040.6171875, 70471.7734375, 241101.671875, 3519.201904296875
15183.9326171875, 56388.52734375, 69984.578125, 238448.15625, 3519.4521484375
14513.439453125, 55306.0234375, 69468.3046875, 236843.59375, 3522.35009765625
14390.376953125, 54709.3359375, 68965.0234375, 234110.375, 3522.279296875
13763.515625, 53357.40625, 68582.671875, 234635.890625, 3523.90234375
13961.9423828125, 53535.28125, 68395.4765625, 231521.125, 3524.250244140625
13813.3154296875, 53241.3828125, 68202.859375, 230456.671875, 3524.842041015625
13339.1455078125, 52379.4375, 67761.8984375, 229363.515625, 3526.80615234375
12994.634765625, 51652.921875, 67286.7109375, 227376.0, 3527.6298828125
12400.228515625, 50527.0546875, 66654.734375, 225613.25, 3530.258544921875
12403.2802734375, 50101.203125, 66038.6796875, 224243.046875, 3528.809326171875
12094.583984375, 49578.8984375, 65840.5, 222486.359375, 3530.191162109375
11737.0615234375, 48981.98046875, 65487.046875, 220678.359375, 3532.77197265625
11579.5302734375, 48561.2578125, 65219.71875, 219453.34375, 3532.74560546875
11425.4599609375, 47970.359375, 64622.453125, 217474.25, 3533.171630859375
10842.830078125, 46942.0078125, 64183.16796875, 217677.6875, 3535.455078125
10960.794921875, 46919.27734375, 63939.06640625, 214736.296875, 3535.553955078125
10817.27734375, 46512.0234375, 63651.9765625, 213752.734375, 3536.476806640625
10568.09375, 45859.03515625, 63253.6171875, 212186.046875, 3537.41162109375
9838.9794921875, 44480.09375, 62676.53515625, 215301.359375, 3540.42626953125
10170.478515625, 44846.65625, 62570.796875, 209285.859375, 3538.8359375
10000.8681640625, 44543.3359375, 62446.59375, 208603.390625, 3539.318115234375
9804.37109375, 44198.6171875, 62217.53515625, 207807.40625, 3540.157958984375
9420.1796875, 43478.46875, 61671.89453125, 205770.875, 3541.66064453125
9015.9189453125, 42675.828125, 61020.5859375, 205122.609375, 3544.758056640625
9057.1572265625, 42442.59375, 60783.74609375, 203060.734375, 3543.505126953125
8868.0546875, 42007.94140625, 60559.765625, 202508.96875, 3544.15771484375
8784.81640625, 41665.83203125, 60250.734375, 201500.453125, 3544.989013671875
8545.724609375, 41083.16015625, 59983.78125, 200776.0, 3545.598388671875
8400.1162109375, 40722.38671875, 59675.5390625, 199247.625, 3546.52685546875
8244.525390625, 40340.09375, 59407.7890625, 197791.203125, 3547.2392578125
7852.21142578125, 39742.91796875, 58959.28515625, 197008.046875, 3549.227294921875
7946.8740234375, 39694.6171875, 58762.51171875, 195259.953125, 3549.200927734375
7753.52685546875, 39361.703125, 58677.18359375, 194773.015625, 3550.613525390625
7716.69091796875, 39300.890625, 58555.88671875, 193693.65625, 3550.978271484375
7546.11328125, 38965.98828125, 58227.234375, 192282.40625, 3551.8369140625
7352.0859375, 38614.4375, 57845.45703125, 190980.34375, 3553.38818359375
7122.2783203125, 38021.1015625, 57379.75, 190060.015625, 3553.67578125
7088.4228515625, 37816.3359375, 57083.11328125, 189043.21875, 3554.327880859375
6875.47412109375, 37492.484375, 56918.4296875, 188793.328125, 3556.15966796875
6862.7841796875, 37342.23046875, 56760.92578125, 187415.5625, 3556.048095703125
6720.73779296875, 36862.47265625, 56377.3046875, 185433.765625, 3557.197998046875
6460.052734375, 36262.5703125, 55894.8828125, 185169.21875, 3558.521484375
6498.63671875, 36220.85546875, 55748.82421875, 183034.0, 3558.789794921875
6332.5390625, 35835.35546875, 55505.70703125, 182197.53125, 3559.956787109375
6305.03173828125, 35677.94921875, 55273.16015625, 181102.421875, 3560.167724609375
6168.35986328125, 35353.12890625, 54978.296875, 180304.25, 3560.899658203125
6038.7041015625, 34973.7265625, 54601.5234375, 179062.8125, 3561.443359375
5740.13671875, 34444.359375, 54056.2578125, 178034.59375, 3564.306640625
5731.8740234375, 34215.91015625, 53773.62109375, 176245.75, 3563.726806640625
5602.64501953125, 33987.35546875, 53618.95703125, 175838.6875, 3564.85205078125
5574.04345703125, 33924.83203125, 53389.6953125, 175232.75, 3565.978271484375
5524.236328125, 33806.13671875, 53302.92578125, 174551.203125, 3566.079345703125
5419.47802734375, 33573.0, 53106.39453125, 173566.53125, 3566.660888671875
5367.64599609375, 33423.921875, 52935.4375, 172718.8125, 3566.93212890625
5181.5546875, 32928.734375, 52447.03515625, 171260.859375, 3568.2001953125
5084.29248046875, 32655.2421875, 52096.65625, 170732.8125, 3568.53515625
5087.654296875, 32598.81640625, 52037.6796875, 169367.65625, 3568.662109375
5002.25537109375, 32453.673828125, 51933.39453125, 168935.765625, 3569.593994140625
4981.9609375, 32314.32421875, 51735.75, 168241.453125, 3570.08740234375
4865.1162109375, 32074.982421875, 51503.08984375, 167332.984375, 3571.042724609375
4700.02734375, 31753.79296875, 51137.47265625, 166046.828125, 3572.679443359375
4667.0771484375, 31595.154296875, 50872.89453125, 164769.046875, 3572.684814453125
4556.451171875, 31292.2578125, 50516.23046875, 163553.53125, 3574.142578125
4512.95166015625, 31066.330078125, 50214.8515625, 162564.125, 3574.312744140625
4381.1015625, 30751.02734375, 49864.77734375, 161550.71875, 3575.758544921875
4327.84375, 30403.75, 49452.61328125, 160393.828125, 3576.126708984375
4246.1357421875, 30188.23828125, 49303.359375, 160020.96875, 3575.785888671875
4278.2685546875, 30198.802734375, 49244.1328125, 159160.953125, 3575.262939453125
4226.267578125, 30104.8125, 49141.8359375, 158490.6875, 3576.483154296875
4165.21923828125, 29924.259765625, 48971.61328125, 157894.265625, 3577.406494140625
4097.68798828125, 29734.291015625, 48732.19921875, 156944.921875, 3578.356201171875
3981.896728515625, 29330.31640625, 48273.6875, 155783.40625, 3579.16064453125
3929.5166015625, 29236.32421875, 48042.7578125, 154547.203125, 3580.177734375
3865.013671875, 29093.232421875, 47875.40625, 154058.34375, 3580.632568359375
3838.420166015625, 28922.1875, 47601.296875, 153417.265625, 3580.646240234375
3737.26904296875, 28759.10546875, 47432.8671875, 152779.171875, 3582.023193359375
3709.71826171875, 28668.140625, 47276.03125, 151658.953125, 3582.537353515625
3666.154296875, 28427.2578125, 46991.44140625, 150288.203125, 3582.61328125
3608.50341796875, 28211.08984375, 46636.92578125, 149489.015625, 3583.28369140625
3576.41064453125, 28090.53515625, 46510.59765625, 148575.71875, 3583.400390625
3525.821533203125, 27924.404296875, 46303.0625, 147702.90625, 3583.988525390625
3458.743896484375, 27744.00390625, 46092.4140625, 147057.171875, 3584.677978515625
3416.930908203125, 27451.236328125, 45643.73828125, 146416.140625, 3585.65625
3333.057861328125, 27327.646484375, 45512.48828125, 145852.875, 3586.88818359375
3372.040771484375, 27374.228515625, 45513.4296875, 144805.109375, 3586.259521484375
3358.3828125, 27282.25, 45403.9921875, 144199.28125, 3586.2578125
3320.109375, 27100.603515625, 45177.6328125, 143471.109375, 3586.750732421875
3240.40869140625, 26826.90625, 44810.53125, 142429.109375, 3587.471923828125
3194.530517578125, 26576.29296875, 44498.08203125, 141381.171875, 3588.792236328125
3178.033203125, 26511.826171875, 44382.40625, 140777.375, 3589.0615234375
3121.86572265625, 26364.265625, 44209.78515625, 140284.671875, 3590.0859375
3122.952880859375, 26272.373046875, 44000.76171875, 139725.796875, 3590.503662109375
3099.697265625, 26185.51953125, 43897.953125, 139073.84375, 3590.67236328125
3061.83642578125, 26018.07421875, 43692.73046875, 138273.53125, 3590.942626953125
3061.854736328125, 25964.55078125, 43575.453125, 137525.78125, 3590.773193359375
3000.879150390625, 25726.736328125, 43217.8203125, 136208.234375, 3592.04736328125
2983.556884765625, 25538.78515625, 42978.82421875, 135444.3125, 3591.418701171875
2958.576416015625, 25455.53125, 42839.05078125, 134890.21875, 3592.4599609375
2929.03515625, 25336.96484375, 42702.90625, 134428.015625, 3593.30810546875
2903.9306640625, 25168.6171875, 42436.43359375, 133468.71875, 3594.39306640625
2834.812255859375, 24979.56640625, 42225.2421875, 133307.390625, 3595.6044921875
2863.454833984375, 24944.890625, 42107.296875, 132081.71875, 3594.81005859375
2851.0576171875, 24882.857421875, 42000.234375, 131588.28125, 3594.901611328125
2782.055908203125, 24646.16796875, 41640.765625, 130660.3359375, 3595.892578125
2773.1298828125, 24583.509765625, 41510.171875, 129751.5234375, 3596.067138671875
2768.29541015625, 24527.607421875, 41434.203125, 129172.3515625, 3596.31591796875
2729.887451171875, 24340.14453125, 41245.52734375, 128516.265625, 3597.25
2725.442138671875, 24254.802734375, 41079.359375, 127893.953125, 3597.92431640625
2707.423095703125, 24112.349609375, 40898.4765625, 127345.3203125, 3598.33203125
2661.1318359375, 23831.619140625, 40508.46875, 126335.7578125, 3599.31005859375
2655.973388671875, 23707.74609375, 40277.8515625, 125651.3984375, 3599.500244140625
2615.3759765625, 23579.21875, 40051.140625, 125189.6328125, 3600.94775390625
2608.953369140625, 23510.14453125, 39889.45703125, 124423.28125, 3601.31494140625
2584.2197265625, 23397.681640625, 39734.5546875, 123844.515625, 3601.9677734375
2578.4453125, 23344.158203125, 39631.65625, 123276.9140625, 3602.24755859375
2554.200927734375, 23220.375, 39461.99609375, 122659.140625, 3602.768310546875
2529.1669921875, 23100.171875, 39242.453125, 121836.4609375, 3603.526123046875
2505.54638671875, 22945.37109375, 39050.57421875, 121237.3359375, 3603.7490234375
2487.8505859375, 22880.3046875, 38881.5859375, 120492.734375, 3604.4140625
2452.730712890625, 22794.921875, 38705.3203125, 120008.1328125, 3605.621337890625
2449.367431640625, 22724.396484375, 38555.3515625, 119376.71875, 3605.650390625
2426.205322265625, 22663.326171875, 38427.55859375, 118699.515625, 3606.56298828125
2407.162353515625, 22529.90625, 38240.05859375, 117859.71875, 3607.050537109375
2394.00732421875, 22416.234375, 38052.81640625, 117127.8359375, 3607.75244140625
2383.348876953125, 22201.13671875, 37815.40625, 116396.984375, 3607.64794921875
2371.828857421875, 22077.3046875, 37604.64453125, 115788.8203125, 3608.324951171875
2345.181884765625, 21945.34375, 37434.80078125, 115529.0703125, 3608.947021484375
2351.215087890625, 21863.3046875, 37289.0625, 115129.0, 3608.784423828125
2336.496826171875, 21836.775390625, 37223.07421875, 114539.9609375, 3609.799072265625
2317.64892578125, 21792.82421875, 37119.84375, 113888.9921875, 3610.65576171875
2307.504638671875, 21742.130859375, 36988.4765625, 113240.8125, 3611.068603515625
2279.708984375, 21540.40625, 36694.671875, 112372.1875, 3611.768798828125
2269.3349609375, 21448.8359375, 36463.234375, 111547.015625, 3612.05126953125
2252.09326171875, 21329.48046875, 36311.44140625, 111129.2109375, 3612.6591796875
2242.273681640625, 21146.759765625, 36103.4453125, 110599.5, 3612.834716796875
2223.603515625, 21068.435546875, 35977.22265625, 110096.21875, 3613.29150390625
2206.28369140625, 20974.837890625, 35774.625, 109306.65625, 3613.84326171875
2177.87451171875, 20871.41796875, 35604.09375, 108807.390625, 3614.427001953125
2178.959716796875, 20826.080078125, 35477.15625, 108134.234375, 3614.468994140625
2167.474365234375, 20765.392578125, 35352.203125, 107726.1875, 3615.166259765625
2153.3681640625, 20674.564453125, 35180.25390625, 107259.671875, 3615.699462890625
2137.8427734375, 20551.39453125, 34984.00390625, 106632.09375, 3616.572509765625
2124.7568359375, 20347.615234375, 34720.14453125, 105928.9296875, 3616.5126953125
2114.8408203125, 20264.689453125, 34573.98046875, 105453.0234375, 3617.087158203125
2102.2158203125, 20178.97265625, 34463.34375, 105174.59375, 3617.236083984375
2102.61181640625, 20078.29296875, 34308.02734375, 104873.671875, 3617.107421875
2085.587158203125, 20031.2421875, 34214.1015625, 104295.3125, 3617.78955078125
2072.335205078125, 19987.568359375, 34094.4453125, 103624.5234375, 3618.550048828125
2064.9228515625, 19909.015625, 33969.41796875, 103079.6875, 3619.0986328125
2047.5501708984375, 19700.306640625, 33676.578125, 102453.7421875, 3619.94921875
2039.854736328125, 19609.671875, 33529.5546875, 101815.6171875, 3620.63671875
2038.8026123046875, 19542.888671875, 33454.875, 101520.5546875, 3620.576416015625
2020.9007568359375, 19415.236328125, 33314.859375, 101276.015625, 3621.244873046875
2015.940673828125, 19317.19140625, 33115.42578125, 100758.6015625, 3621.550537109375
2006.6748046875, 19272.576171875, 33041.7890625, 100228.609375, 3621.87060546875
1988.1268310546875, 19210.234375, 32887.26171875, 99587.6640625, 3622.837646484375
1984.438232421875, 19172.1953125, 32815.24609375, 99154.71875, 3622.951171875
1954.1583251953125, 19003.833984375, 32515.072265625, 98269.8515625, 3624.718994140625
1957.857177734375, 18855.11328125, 32358.833984375, 97759.71875, 3624.12109375
1947.5482177734375, 18798.853515625, 32284.716796875, 97307.40625, 3624.69091796875
1930.3558349609375, 18704.61328125, 32104.216796875, 96742.859375, 3626.316650390625
1920.991943359375, 18624.119140625, 32011.466796875, 96473.0234375, 3626.490966796875
1918.7086181640625, 18531.521484375, 31853.3515625, 96084.8828125, 3626.2724609375
1904.599609375, 18445.171875, 31732.94921875, 95692.265625, 3627.069091796875
1891.1793212890625, 18361.505859375, 31579.416015625, 95139.21875, 3627.55517578125
1880.3905029296875, 18282.197265625, 31422.025390625, 94662.921875, 3628.57861328125
1869.8974609375, 18196.837890625, 31297.703125, 94219.40625, 3628.766357421875
1857.6434326171875, 18059.69140625, 31105.18359375, 93615.078125, 3629.052490234375
1840.4913330078125, 17942.009765625, 30958.38671875, 93263.4765625, 3629.655029296875
1841.2603759765625, 17850.486328125, 30812.69921875, 92875.5078125, 3629.474365234375
1825.957763671875, 17768.21484375, 30691.009765625, 92506.9921875, 3630.690185546875
1826.778076171875, 17754.3046875, 30652.072265625, 92074.453125, 3630.6318359375
1813.0286865234375, 17669.298828125, 30504.771484375, 91446.578125, 3631.057373046875
1802.5921630859375, 17580.845703125, 30341.251953125, 90900.7578125, 3631.39501953125
1778.36083984375, 17467.060546875, 30145.50390625, 90383.0234375, 3632.806396484375
1769.2655029296875, 17392.853515625, 30029.94140625, 89844.7265625, 3632.95361328125
1762.0157470703125, 17314.90234375, 29920.533203125, 89435.0546875, 3633.35107421875
1740.36572265625, 17174.501953125, 29739.517578125, 88952.9140625, 3634.51953125
1732.6881103515625, 17014.966796875, 29484.1796875, 88962.6328125, 3635.39453125
1719.2388916015625, 16951.55859375, 29445.57421875, 88307.390625, 3635.691650390625
1725.721435546875, 16974.509765625, 29458.98046875, 87923.7265625, 3635.188720703125
1718.4776611328125, 16932.23046875, 29379.607421875, 87544.6953125, 3635.678955078125
1696.03076171875, 16745.552734375, 29106.361328125, 86878.4921875, 3636.498046875
1679.97021484375, 16678.142578125, 28909.2109375, 86511.265625, 3637.967041015625
1678.11865234375, 16602.08203125, 28822.408203125, 86033.1171875, 3637.595458984375
1657.356201171875, 16468.771484375, 28671.8359375, 85797.109375, 3638.1201171875
1659.522705078125, 16442.83984375, 28588.640625, 85478.7734375, 3637.986572265625
1652.1171875, 16400.51171875, 28518.650390625, 85208.4140625, 3638.428955078125
1625.053466796875, 16261.658203125, 28302.099609375, 84657.8203125, 3639.974853515625
1625.6298828125, 16209.484375, 28212.560546875, 84169.4765625, 3639.9892578125
1617.447265625, 16123.279296875, 28095.943359375, 83756.515625, 3640.254150390625
1593.8818359375, 15985.4453125, 27844.265625, 83164.0234375, 3641.29931640625
1590.4808349609375, 15907.0263671875, 27734.076171875, 82793.1328125, 3641.44482421875
1584.8978271484375, 15880.859375, 27679.55859375, 82514.578125, 3641.715087890625
1575.603515625, 15829.947265625, 27556.630859375, 82132.5078125, 3642.440673828125
1564.011962890625, 15754.6484375, 27465.341796875, 81912.15625, 3642.75
1554.4786376953125, 15600.7578125, 27282.732421875, 81359.390625, 3642.708984375
1532.3905029296875, 15499.0224609375, 27100.1015625, 81018.6015625, 3645.012939453125
1539.4505615234375, 15457.1572265625, 27036.662109375, 80483.5078125, 3644.13037109375
1529.6680908203125, 15390.146484375, 26960.46484375, 80232.6953125, 3643.892333984375
1524.028564453125, 15365.099609375, 26901.19921875, 80026.7734375, 3644.3369140625
1512.2703857421875, 15296.6103515625, 26763.83203125, 79601.34375, 3645.14892578125
1497.4749755859375, 15223.2314453125, 26577.751953125, 79146.9140625, 3646.2783203125
1488.1751708984375, 15121.73828125, 26443.126953125, 78743.7109375, 3646.4375
1482.8524169921875, 15021.6142578125, 26296.669921875, 78385.203125, 3646.509033203125
1459.0885009765625, 14902.115234375, 26142.75390625, 78292.8828125, 3647.628173828125
1461.9576416015625, 14871.0478515625, 26070.73828125, 77629.1953125, 3647.5078125
1455.0550537109375, 14822.3115234375, 25990.306640625, 77310.0625, 3648.063232421875
1440.5028076171875, 14741.3828125, 25846.962890625, 76907.1328125, 3648.8984375
1424.189453125, 14601.8466796875, 25657.478515625, 76527.25, 3650.329345703125
1418.44482421875, 14556.6064453125, 25559.669921875, 76019.4140625, 3650.46533203125
1410.0452880859375, 14485.2724609375, 25452.6640625, 75714.6328125, 3650.598876953125
1409.9573974609375, 14428.728515625, 25355.8828125, 75484.5625, 3650.544189453125
1391.4539794921875, 14321.3154296875, 25225.962890625, 75291.8671875, 3651.54931640625
1390.02734375, 14291.2197265625, 25171.501953125, 74805.78125, 3651.678955078125
1379.6317138671875, 14196.8193359375, 25042.974609375, 74360.640625, 3652.33837890625
1368.8563232421875, 14123.77734375, 24916.572265625, 74079.1796875, 3652.74658203125
1359.9527587890625, 14024.0654296875, 24780.640625, 73664.125, 3652.786865234375
1338.300537109375, 13888.96875, 24566.935546875, 73184.9375, 3654.044677734375
1338.70458984375, 13805.3720703125, 24430.607421875, 72896.515625, 3653.24072265625
1325.161865234375, 13733.4306640625, 24371.43359375, 72750.0234375, 3653.565673828125
1326.5748291015625, 13764.1298828125, 24358.68359375, 72323.640625, 3654.227783203125
1323.1475830078125, 13740.875, 24309.75, 72081.6484375, 3654.659912109375
1313.15869140625, 13672.296875, 24198.197265625, 71774.8046875, 3655.237060546875
1292.06005859375, 13539.181640625, 23988.5703125, 71259.6328125, 3656.361572265625
1282.2908935546875, 13442.6025390625, 23843.705078125, 70764.703125, 3656.550048828125
1274.9879150390625, 13384.1279296875, 23754.470703125, 70547.9921875, 3656.871826171875
1265.997314453125, 13294.4130859375, 23626.623046875, 70208.484375, 3657.049560546875
1244.4163818359375, 13165.5849609375, 23459.052734375, 70037.4296875, 3658.232666015625
1249.4234619140625, 13066.3466796875, 23306.154296875, 69946.0, 3657.9150390625
1240.3555908203125, 13051.3818359375, 23269.744140625, 69334.78125, 3658.318115234375
1234.162353515625, 13031.080078125, 23229.576171875, 69135.71875, 3658.79443359375
1229.9229736328125, 12993.1376953125, 23163.6875, 68884.0625, 3659.07861328125
1215.16650390625, 12872.0615234375, 22980.8046875, 68443.6015625, 3660.08544921875
1209.538330078125, 12767.9814453125, 22837.154296875, 68075.859375, 3659.859619140625
1206.165283203125, 12731.3251953125, 22776.4921875, 67782.71875, 3660.27294921875
1195.9586181640625, 12655.1689453125, 22699.001953125, 67672.921875, 3660.71630859375
1192.3233642578125, 12603.208984375, 22585.478515625, 67310.8046875, 3661.197265625
1180.6375732421875, 12527.6494140625, 22476.50390625, 66968.4453125, 3661.856689453125
1169.8636474609375, 12436.8037109375, 22347.84375, 66636.9453125, 3662.328857421875
1166.22216796875, 12412.4677734375, 22284.4453125, 66390.15625, 3662.68994140625
1152.644775390625, 12307.775390625, 22127.86328125, 65938.0, 3663.447998046875
1149.5958251953125, 12242.921875, 21997.7421875, 65583.0, 3663.848876953125
1138.655517578125, 12184.58203125, 21914.458984375, 65394.10546875, 3664.533203125
1135.1373291015625, 12123.8115234375, 21838.123046875, 65111.79296875, 3664.332763671875
1128.754150390625, 12072.357421875, 21754.158203125, 64850.49609375, 3664.783203125
1120.4407958984375, 11994.052734375, 21616.23046875, 64505.42578125, 3665.221435546875
1101.6221923828125, 11872.205078125, 21428.16796875, 64296.4765625, 3666.365966796875
1103.844482421875, 11832.9755859375, 21321.65625, 63871.9296875, 3666.501708984375
1096.063232421875, 11781.6318359375, 21255.705078125, 63594.1328125, 3666.9228515625
1093.5152587890625, 11752.5361328125, 21220.21875, 63432.41796875, 3667.121337890625
1088.9036865234375, 11695.0224609375, 21142.654296875, 63118.30859375, 3667.587158203125
1079.5880126953125, 11599.90234375, 21009.29296875, 62777.4453125, 3668.191162109375
1073.6639404296875, 11539.291015625, 20906.4375, 62397.0234375, 3668.84326171875
1066.712646484375, 11475.87109375, 20806.119140625, 62133.765625, 3669.36962890625
1061.09228515625, 11415.078125, 20699.609375, 61842.8203125, 3669.94580078125
1038.9400634765625, 11291.38671875, 20540.744140625, 62018.5234375, 3671.6025390625
1047.5426025390625, 11261.75390625, 20463.2109375, 61437.35546875, 3670.866943359375
1045.0074462890625, 11254.5439453125, 20448.294921875, 61178.7421875, 3671.330078125
1038.4468994140625, 11207.546875, 20390.404296875, 60984.4140625, 3671.8779296875
